,Coefficient,Std_Error,t_Stat,P_value
ln_total_emissions,-0.04503589424759607,0.18102285570912427,-0.2487856799693945,0.8037857418126102
