,Coefficient,Std_Error,t_Stat,P_value,Lower_95%,Upper_95%
const,2.9409947567671946,0.19992008611130002,14.710851790699392,4.0429003216375916e-26,2.5440487392932183,3.337940774241171
ln_pm25,0.48130253211649865,0.06743343285446324,7.137446689912102,1.9679201650260854e-10,0.34741187041842425,0.615193193814573
