,Coefficient,Std_Error,t_Stat,P_value,Lower_95%,Upper_95%
const,2.5143915961584655,2.8640221906830434,0.8779232243165008,0.38105483457059997,-3.1336865183568356,8.162469710673767
ln_total_unfccc,-0.0015692772431527416,0.2138851250285546,-0.007337009728672044,0.9941533902372621,-0.4233676479485283,0.4202290934622228
