,Coefficient,Std_Error,t_Stat,P_value,Lower_95%,Upper_95%
const,1.07459949607343,1.9686473980160248,0.5458567629512509,0.5900025615750701,-2.9799057169180316,5.129104709064892
ln_pm25,2.882655222236812,0.8122403915687841,3.5490173256087028,0.0015609717978492914,1.2098148216974691,4.555495622776155
