,Coefficient,Std_Error,t_Stat,P_value
const,0.17975153973324992,1.9314302533117995,0.09306654455941765,0.9259462436564174
ln_energy,0.08328785750897803,0.057883477336407294,1.4388882862880805,0.15178534285741163
ln_industry,0.15867677095336408,0.10649293994386941,1.4900215078764834,0.13783426605192628
ln_transport,0.002624556105440227,0.20445758154205274,0.012836677836279745,0.9897712178385534
