,Coefficient,Std_Error,t_Stat,P_value,Lower_95%,Upper_95%
const,-2.3802420472460217,0.2997833328153337,-7.939874525019872,1.733154388829665e-14,-2.9694421609305923,-1.7910419335614511
ln_pm25,0.6946664915061999,0.09865608629220975,7.041293828022583,7.45317767307953e-12,0.500765860963635,0.8885671220487648
