,Coefficient,Std_Error,t_Stat,P_value
ln_total_emissions_lag1,-0.13542743622367562,0.14886880765730873,-0.9097099543876598,0.3642787766609368
