Model,R2,Adj_R2,N,Coef_ln_pm25,P_ln_pm25,R2_within,R2_between,R2_overall,Coef_ln_energy,P_ln_energy,Coef_ln_industry,P_ln_industry,Coef_ln_transport,P_ln_transport,Coef_ln_total_emissions,P_ln_total_emissions,Coef_ln_total_emissions_lag1,P_ln_total_emissions_lag1,Coef_z,P_z,Coef_z_sq,P_z_sq
ModelB_PM25_DALY,0.28727588102718826,0.2735696479700188,54,2.3502370701041526,2.954879836910241e-05,,,,,,,,,,,,,,,,,
ModelC_Sectoral_PM25,,,238,,,0.13521161388601644,0.9578180577438208,0.9548290962711281,0.08328785750897842,0.15178534286031664,0.15867677095336435,0.1378342660545453,0.002624556105440664,0.9897712178384566,,,,,,,,
ModelD_PM25_YLL,0.10210436442329307,0.10004497076371355,438,0.6946664915061999,7.45317767307953e-12,,,,,,,,,,,,,,,,,
ModelG_TotalEmissions_PM25,,,238,,,-0.01797300142793512,-0.4319725808163146,-0.43211309150732213,,,,,,,-0.04503589424759607,0.8037857418126102,,,,,,
ModelE_LaggedTotalEmissions_PM25,,,208,,,-0.030626944522613497,-1.5636912417920845,-1.5672791158663433,,,,,,,,,-0.13542743622367562,0.3642787766609368,,,,
ModelJ_PM25_DALY,0.29952434726497223,0.27205471382438284,54,,,,,,,,,,,,,,,,2.099557210529446,0.000656681919494434,-1.1075632485625364,0.34944729279395326
ModelJ_PM25_YLL,0.10535167519700106,0.10123834956572286,438,,,,,,,,,,,,,,,,0.6680345649170227,1.0312950921064502e-10,0.13511709475828831,0.209590344218747
