Model,R2,Adj_R2,N,Coef_ln_pm25,P_ln_pm25,R2_within,R2_between,R2_overall,Coef_ln_energy,P_ln_energy,Coef_ln_industry,P_ln_industry,Coef_ln_transport,P_ln_transport
ModelB_PM25_DALY,0.28727588102718826,0.2735696479700188,54,2.3502370701041526,2.954879836910241e-05,,,,,,,,,
ModelC_Sectoral_PM25,,,238,,,0.13521161388601588,-0.6258498705059374,-0.5475438000396329,0.08328785750897803,0.15178534285741163,0.15867677095336408,0.13783426605192628,0.002624556105440227,0.9897712178385534
ModelD_PM25_YLL,0.10210436442329307,0.10004497076371355,438,0.6946664915061999,7.45317767307953e-12,,,,,,,,,
