Model,R2,Adj_R2,N,Intercept,Coef_ln_total_emissions_kt,P_ln_total_emissions_kt,Coef_ln_pm25,P_ln_pm25,Coef_ln_total_unfccc,P_ln_total_unfccc,R2_within,R2_overall
ModelA_Emissions_PM25,0.0016518960796322313,-0.0019522486998637678,279,2.3577103672316797,0.009789362206048022,0.4989693703241236,,,,,,
ModelB_PM25_DALY,0.33502722252304995,0.308428311423972,27,1.07459949607343,,,2.882655222236812,0.0015609717978492914,,,,
ModelC_UNFCCC_PM25,0.03422689300120818,0.030134634073247235,238,1.712533400179246,,,,,0.058313478225750996,0.004185174070957231,,
ModelD_PM25_YLL,0.3514698481463181,0.3445705912117044,96,2.9409947567671946,,,0.48130253211649865,1.9679201650260854e-10,,,,
ModelE_TwoWayFE,,,238,,,,,,2.5143915961584655,0.38105483457059997,7.912976537349792e-07,
ModelF_Greece_UNFCCC_PM25,0.20033130710611513,0.04039756852733822,7,14.10557226702366,,,,,-0.8172428717847948,0.31392300797474065,,
